{"cameraMode":{"drawMode":0,"name":"Shaded","section":"Shading Mode"},"sceneLighting":true,"audioPlay":false,"sceneViewState":{"m_AlwaysRefresh":false,"showFog":true,"showSkybox":true,"showFlares":true,"showImageEffects":true,"showParticleSystems":true,"showVisualEffectGraphs":true,"m_FxEnabled":true},"in2DMode":false,"pivot":{"x":22.361446380615236,"y":6.806695461273193,"z":-20.371192932128908},"rotation":{"x":0.16603554785251618,"y":-0.27919647097587588,"z":0.04908955842256546,"w":0.9445411562919617},"size":0.8660253882408142,"orthographic":false}